87D0E	アイウエオ カキクケコ
87D1C	サシスセソ タチツテト
87D2A	ナニヌネノ ハヒフヘホ
87D38	マミムメモ ヤユヨ  
87D46	ワ ヲ ン ゙゚   
880B4	ブキヤ 
880BC	マホウヤ 
880C4	ボウグヤ 
880CC	シールドヤ 
880D4	ショクリョウヤ 
880E0	カギヤ 
880E8	ビョウイン 
880F0	キョウカイ 
880F8	ヤドヤ 
88100	ドウグヤ 
89E53	Uリcリcリcリc
90614	ナイフ
90628	ショートソード
9063C	スピア
90650	ハンドアックス
90664	ロングソード
90678	バトルアックス
9068C	バトルソード
906A0	モーニングスター
906B4	ランス
906C8	ハルバート
906DC	グレートアックス
906F0	グレートスレイヤー
90704	ラッキーブレード
90718	ムラサメブレード
9072C	マジックメイス
90740	マジックスレイヤー
90754	ドラゴンスレイヤー
908BC	ニードル
908D2	ニードル
908E4	マインド
908F8	ウォーター
9090C	ファイア
90920	アールマインド
90934	サンダー
90948	ポイズン
9095E	ウォーター
90972	ファイア
90984	ダーク
9099A	サンダー
909AC	ティルト
909C2	ポイズン
909D6	ダーク
909EA	ティルト
909FC	デス
90B64	マント
90B78	レザーアーマー
90B8C	ライトメイル
90BA0	ハードメイル
90BB4	リングメイル
90BC8	ウッドアーマー
90BDC	チェインメイル
90BF0	ウッドメイル
90C07	レザーアーマー
90C18	ハーフプレート
90C2C	フルプレート
90C40	ハイレザーアーマー
90C54	リフレックス
90C6B	リングメイル
90C7F	フルプレート
90C93	リフレックス
90CA4	バトルスーツ
90E0C	グローブ
90E20	スモールシールド
90E34	ラージシールド
90E48	Lv1ーSシールド
90E5C	Lv1ーLシールド
90E70	Lv2ーSシールド
90E84	Lv2ーLシールド
90E98	Lv3ーSシールド
90EAC	Lv3ーLシールド
90EC0	Lv4ーSシールド
90ED4	Lv4ーLシールド
90EE8	Lv5ーSシールド
90EFC	Lv5ーLシールド
90F10	Lv6ーSシールド
90F24	Lv6ーLシールド
90F38	Lv7ーSシールド
90F4C	Lv7ーLシールド
910B4	スペクタクルズ
910CD	ポーション
910DC	ランプ
910F6	オニキス
91104	ファイアクリスタル
91118	マトック
9112C	アワーグラス
91146	ブーツ
91154	マントル
91170	リング
9117C	バランス
91190	キーペンダント
911A4	キャンドル
911B8	ルビー
911CC	ブラウンポーション
911E0	ミラー
911F4	ボトル
9199C	クラウン
919B0	キー
919C4	エクリサー
919D8	マッシュルーム
919EC	ポイズン
91A00	ハンマー
91A14	ペンダント
91A28	ホーリーバイブル
91A3C	ブーツ
91A50	グローブ
91A64	ロッド
91A78	クリスタル