# 용어 통일 규칙 (2026-10-03, 사용자 «전부다 통일») — tools/ystrans.py 가 번역에 적용(내 고침 다음, 부호 공백 처리 전)
# 게임	원문 조건(이 말이 든 줄만, !뒤 = 이 말이 들면 제외, 빈칸 = 모든 줄)	틀린 표기	바른 표기
# ── 이스 I·II 공통 인물·지명 ──
ys1	ハダル	하다르	하달
ys1	ファクト	팍트	팩트
ys2	ファクト	팍트	팩트
ys2	ファクト	팍토	팩트
ys1	ダルク	다르크	달크
ys1	サルモン	사몬	살몬
ys1	ラド	라도의	라드의
ys2	アドル!息子	아들	아돌
ys2	フレア	플레어	플레아
ys2	フレア	프레아	플레아
ys2	タルフ	타루프	타르프
ys2	レグス	레구스	레그스
ys2	ダレス	다레스	달레스
ys2	ルードル	루드르	루돌
ys2	ギド	기도의 가게	기드의 가게
ys2	ギド	기도 사부님	기드 사부님
ys2	ランス	란스	랜스
ys2	クレリア	크레리아	클레리아
ys2	ダビー	달비	다비
ys2	リリア	릴리아	리리아
# ── 이스 아이템·지명(목록 ↔ 대사) ──
ys1	牢屋の鍵	감옥의 열쇠	감옥 열쇠
ys1	神殿の鍵	신전의 열쇠	신전 열쇠
ys1	ハーモニカ	은빛 하모니카	은하모니카
ys1	ハーモニカ	은의 하모니카	은하모니카
ys1	金の台座	금 대좌	금 받침대
ys2	マトック	마톡	곡괭이
ys2	セルセタ	셀세타 꽃	셀세타의 꽃
ys2	リラ	릴라의	리라의
ys2	リラ	조개껍질	조개껍데기
ys2	溶岩の村	용암의 마을	용암 마을
# ── 아스테카(메뉴 목록 ↔ 대사 ↔ 그림 글자) ──
sun	尼僧院	니승원	수녀원
sun	千柱の間	천 개의 기둥의 방	천 기둥의 방
sun	いけにえの泉	산 제물의 샘	제물의 샘
sun	神殿跡	신전터	신전 터
sun	薬ツボ	약병	약단지
sun	ツボ	항아리	단지
sun	カメ	단지	항아리
sun	カメ	거북이	항아리
sun	青い	파란	푸른
sun	歯止め	멈추개	멈춤쇠
sun	台座!かけ台	받침대	대좌
sun	像!石像	조각상	상
# ── 제나두 ──
zana		자나두	제나두
zana	ドラゴンスレイヤー	드래곤슬레이어	드래곤 슬레이어
ys1	ハーモニカ	은 하모니카	은하모니카
ys2	ハーモニカ	은 하모니카	은하모니카
ys2	ハーモニカ	은빛 하모니카	은하모니카
ys2	ハーモニカ	은의 하모니카	은하모니카
# 사용자 2026-10-04: 은방울 붙임 · ダーム = 다암
ys1	鈴	은 방울	은방울
ys2	鈴	은 방울	은방울
ys1	すず	은 방울	은방울
ys1	ダーム	다름	다암
ys2	ダーム	다름	다암
ys1	だーむ	다름	다암
# ── 이스 II 대사 = 아이템 이름 표기(2026-10-04 사용자 «신계의 봉/지팡이 통일, 다른 것도») — 아이템 칸은 원문 글자 수 안이라 이름이 기준
ys2	神界の杖	「신계의 지팡이」로군	「신계의 봉」이로군
ys2	神界の杖	신계의 지팡이는	신계의 봉은
ys2	神界の杖	신계의 지팡이가	신계의 봉이
ys2	神界の杖	지팡이를	봉을
ys2	るための杖	지팡이。	봉。
ys2	杯	성스러운 잔」{FF0}은	성배」{FF0}는
ys2	杯	성스러운 잔」{FF0}을	성배」{FF0}를
ys2	杯	성스러운 잔」{FF0}이	성배」{FF0}가
ys2	杯	성스러운 잔」이	성배」가
ys2	杯	성스러운 잔이군	성배로군
ys2	杯	성스러운 잔이	성배가
ys2	杯	성스러운 잔은	성배는
ys2	杯	성스러운 잔을	성배를
ys2	杯	성스러운 잔에	성배에
ys2	杯	성스러운 잔」	성배」
ys2	リラの貝殻	리라의 조개껍데기는	리라 조개는
ys2	リラの貝殻	리라의 조개껍데기를	리라 조개를
ys2	導きの巻	인도의 두루마리가	인도의 서가
ys2	導きの巻	인도의 두루마리	인도의 서
ys2	リラの貝	리라의 조개껍데기를	리라 조개를
ys2	リラの貝	리라의 조개껍데기에서	리라 조개에서
ys2	この貝がら	이\n조개껍데기를	이\n조개를
ys2	この貝がら	이 조개껍데기를	이 조개를
ys2	ロダの実	로다의 열매	로다 열매
ys2	ロダの実	로다의\n열매	로다\n열매
ys2	テレパシーの魔法	텔레파시의 마법	텔레파시 마법
ys2	氷霧の玉	빙무의 구슬	빙무 구슬
