# 번호	고칠 부분	바꿀 내용   (상자 16칸 초과·글꼴 없는 기호 — 2026-10-03 내가 줄임)
0009	이 세상에 재앙이 다시 돌아올 것이다.	세상에 재앙이 다시 돌아오리라.
0011	사람들이 그 공포에 떨고 있는 가운데,	사람들이 공포에 떠는 가운데,
0011	여신이 우리 앞에서 모습을 감췄다.	여신이 우리 앞에서 사라졌다.
0011	이것으로 당분간은 시간을 벌 수 있다.	이로써 당분간 시간을 벌었다.
0263	『금 받침대』가 가라앉아 있었다！	『금 받침대』가 잠겨 있었다！
0375	여정을 마친 충실감으로 가득했다.	여정을 마친 충만감에 차 있었다.
0385	잘 알고 있는 듯한 느낌이 들었다.	잘 아는 듯한 느낌이 들었다.
0427	잘 알고 있는 듯한 느낌이 들었다.	잘 아는 듯한 느낌이 들었다.
0392	지상으로 돌아가면, 가장 먼저 그녀에게	지상에 돌아가면 맨 먼저 그녀에게
0401	아돌의 새로운 여정이 시작된다……	아돌의 새 여정이 시작된다……
0465	「잃어버린 고대 왕국」의 이야기가	「잃어버린 고대 왕국」 이야기가
0454	「두아르 해」	「두아르해」
0456	소년에게는, 「악마의 탑」이	소년에겐 「악마의 탑」이
0457	중앙에 서 있는 섬이 보였다.	중앙에 선 섬이 보였다.
0462	백여 권의 모험기를	백여 권 모험기를
0464	그의 기념비적인 첫 번째 책,	그의 기념할 첫 책,
0466	지금, 시작된다…	이제 시작된다…
0460	배는, 그 섬에	배는 그 섬에
0455	안개가 걷혔을 때,	안개가 걷히자,
# 선택지 = 원문 폭(창 크기는 스크립트가 원문 기준으로 고정, 실기 2026-10-03 술집 선택지 깨짐)
0191	　밖으로 나간다	　나간다
0191	　상처를 치료하고 싶다	　치료받는다
0191	　약을 사고 싶다	　약을 산다
0202	　안대를 한 남자	　안대 쓴 남자
0229	　가게를 나간다	　나간다
0229	　갑옷을 산다	　갑옷
0229	　방패를 산다	　방패
0248	　밖으로 나간다	　나간다
0248	　물건을 팔러 왔다	　팔러 왔다
0248	　　　찾으러 왔다	　사러 왔다
0252	　아무것도 팔지 않는다	　팔지 않는다
0299	　밖으로 나간다	　나간다
0299	　제바와 이야기한다	　제바와 대화
0299	　피나와 이야기한다	　피나와 대화
0303	　읽어 달라고 한다	　읽어 달라
0324	　무서우니까 관둔다	　무서워 관둔다
# 저장 문구 쉼표 빼기(사용자 2026-10-03)
0621	용량이, 	용량이 
0622	데이터가, 	데이터가 
0623	데이터를, 	데이터를 
# 가게 이름 창 = 원문 폭 5칸(실기 2026-10-03 «방어구 가 / 게»)
0217	　무기 가게	　무기점
0226	　방어구 가게	　방어구점
# 은하모니카 통일(사용자 2026-10-03)
0569	은　의　하모니카	은하모니카
# 한 줄 이름 창 = 원문 글자 수(실기 2026-10-04 «도적의 아지/트»)
0176	점술 가게	점집
0281	촌장님 댁	촌장 집
0320	도적의 아지트	도적 아지트
