# 번호	고칠 부분	바꿀 내용   (제나두 대화 16칸, 공백 = 한 칸 — 2026-10-03 내가 줄임 · 화면별로 다시 쓴 행은 work/tr_override/zana.tsv)
0021	「카르마」를 짊어진 자여, 용자여!	「카르마」를 짊어진 용자여!
0205	지금이야말로, 마왕 갈시스에게 빼앗긴\n지하의 성지 「자나두」를 되찾을\n300년에 한 번뿐인 기회니라.	지금이야말로,마왕 갈시스가\n빼앗은 지하 성지 「자나두」를\n되찾을 300년 만의 기회다.
0209	일곱 도장에서 자신의 힘을 갈고닦아	일곱 도장에서 힘을 갈고닦아
0211	그대가 약할 때에는, 약한 몸으로나마\n미래의 열쇠에 희망을 이어 가는 것이 좋다.	약할 때에는 약한 몸으로나마\n미래의 열쇠에 희망을 이어라.
0216	만약 자신의 「업」의 깊음을 뉘우친다면\n그 몸으로써, 후회의 표식으로 삼아라.\n그 표식과 함께 「업」은 사라진다.	「업」의 깊음을 뉘우친다면\n몸을 후회의 표식으로 삼아라.\n표식과 함께 「업」은 떠난다.
0223	때로는 벽을 지나, 안으로 나아가는 것이 좋다.	때론 벽을 지나 안으로 가라.
0233	이 세계의 물건은 모두 한정되어 있다\n식량이라 해도, 낭비하지 않는 것이 좋다	세상의 물건은 모두 한정됐다\n식량도 낭비하지 않는 게 좋다
0239	마지막 적은 무기로 쓰러뜨리는 편이\n여러모로 이득이야, 알고 있었나?	마지막 적은 무기로 잡는 편이\n여러모로 이득이지,알았나?
0243	이 세계의 물건은 한정되어 있다\n머리를 써서 아이템을 쓰지 않으면\n이 앞으로는 나아갈 수 없게 되지!	이 세계의 물건엔 한계가 있다\n머리를 써서 아이템을 안 쓰면\n앞으로 나아갈 수 없게 되지!
